{
  "urls": [
    "sounds.mp3",
    "sounds.wav"
  ],
  "sprite": {
    "BIG_MEGA_EPIC_Win_ending": [
      0,
      6000
    ],
    "Bells - BIG WIN, JACKPOT": [
      6100,
      2496.1904761904757
    ],
    "JPWin": [
      9200,
      11202.244897959183
    ],
    "Lil Santa - Dokrut": [
      21300,
      7188.027210884354
    ],
    "Lil Santa - Main Down": [
      29400.000000000004,
      85335.32879818595
    ],
    "_mac_fix": [
      115500,
      2992.086167800451
    ],
    "big_win + vocal": [
      118600,
      19156.39455782312
    ],
    "btn paytable close": [
      138700,
      1000
    ],
    "btn paytable open": [
      139799.99999999997,
      1000
    ],
    "btn_any": [
      140899.99999999997,
      82.06349206349728
    ],
    "btn_over": [
      141999.99999999997,
      137.73242630384175
    ],
    "btn_start": [
      143099.99999999997,
      846.0770975056562
    ],
    "epic_win + vocal": [
      144199.99999999997,
      27449.365079365096
    ],
    "itj_ambience": [
      172299.99999999997,
      64001.496598639475
    ],
    "leaf_information": [
      237400,
      1000
    ],
    "lil_santa_take_take": [
      238500,
      2236.3265306122457
    ],
    "lil_santa_tally_end_hit": [
      241600,
      1415.8956916099896
    ],
    "lil_santa_win_1": [
      243700.00000000003,
      2733.24263038549
    ],
    "lil_santa_win_2": [
      246800,
      2796.8027210884256
    ],
    "lil_santa_win_3": [
      249900,
      2839.1836734693925
    ],
    "mega_win + vocal": [
      253000,
      19278.548752834467
    ],
    "pop_up_poster": [
      273100,
      4000
    ],
    "quickStop": [
      277200.00000000006,
      1023.1292517006523
    ],
    "reelSpin": [
      279300,
      2501.9501133787116
    ],
    "reel_stop": [
      282400.00000000006,
      1264.0362811791306
    ],
    "sp_anticipation_2": [
      284500,
      7458.117913832211
    ],
    "sp_anticipation_3": [
      292600,
      8136.122448979563
    ],
    "sp_respin": [
      301700,
      3729.0702947846057
    ],
    "t_btn_any": [
      305800,
      889.4784580498936
    ],
    "t_win": [
      306900.00000000006,
      12777.346938775509
    ],
    "t_win_END": [
      320000.00000000006,
      4932.426303854868
    ],
    "wild_drop": [
      325100,
      2034.0362811791124
    ],
    "wild_expands": [
      328200,
      1864.5351473923029
    ],
    "wild_shoots": [
      330300,
      2171.7233560090676
    ]
  }
}